{
  "version": 1,
  "author": "Ayesha fatima",
  "editor": "wokwi",
  "parts": [
    {
      "type": "board-esp32-s3-devkitc-1",
      "id": "esp",
      "top": 9.42,
      "left": 100.57,
      "attrs": { "env": "micropython-20231227-v1.22.0", "flashSize": "8" }
    },
    {
      "type": "board-ssd1306",
      "id": "oled1",
      "top": 175.94,
      "left": -124.57,
      "attrs": { "i2cAddress": "0x3c" }
    },
    { "type": "wokwi-dht22", "id": "dht1", "top": -76.5, "left": -34.2, "attrs": {} },
    {
      "type": "wokwi-pushbutton",
      "id": "btn1",
      "top": 150.2,
      "left": 220.8,
      "attrs": { "color": "green", "xray": "1" }
    }
  ],
  "connections": [
    [ "esp:TX", "$serialMonitor:RX", "", [] ],
    [ "esp:RX", "$serialMonitor:TX", "", [] ],
    [ "esp:8", "oled1:SDA", "green", [ "h-163.25", "v38.4" ] ],
    [ "esp:9", "oled1:SCL", "green", [ "h-172.85", "v9.6" ] ],
    [ "esp:5V", "oled1:VCC", "red", [ "h-182.45", "v-48" ] ],
    [ "esp:GND.1", "oled1:GND", "black", [ "h-192.05", "v-57.6" ] ],
    [ "dht1:GND", "esp:GND.1", "black", [ "v201.6", "h19.2", "v0", "h0", "v0" ] ],
    [ "dht1:VCC", "esp:5V", "red", [ "v28.8" ] ],
    [ "dht1:SDA", "esp:4", "green", [ "v28.8", "h115.3" ] ],
    [ "btn1:1.l", "esp:0", "green", [ "h-28.8" ] ],
    [ "btn1:2.l", "esp:GND.3", "green", [ "h-28.8", "v48.2" ] ]
  ],
  "dependencies": {}
}